adduser	3.137ubuntu1	all
adwaita-icon-theme	46.0-1	all
apt	2.8.3	amd64
at-spi2-common	2.52.0-1build1	all
base-files	13ubuntu10.4	amd64
base-passwd	3.6.3build1	amd64
bash	5.2.21-2ubuntu4	amd64
bsdutils	1:2.39.3-9ubuntu6.6	amd64
ca-certificates	20260601~24.04.1	all
coreutils	9.4-3ubuntu6.2	amd64
dash	0.5.12-6ubuntu5	amd64
dbus	1.14.10-4ubuntu4.1	amd64
dbus-bin	1.14.10-4ubuntu4.1	amd64
dbus-daemon	1.14.10-4ubuntu4.1	amd64
dbus-session-bus-common	1.14.10-4ubuntu4.1	all
dbus-system-bus-common	1.14.10-4ubuntu4.1	all
dbus-user-session	1.14.10-4ubuntu4.1	amd64
dconf-gsettings-backend:amd64	0.40.0-4ubuntu0.1	amd64
dconf-service	0.40.0-4ubuntu0.1	amd64
debconf	1.5.86ubuntu1	all
debianutils	5.17build1	amd64
diffutils	1:3.10-1build1	amd64
dpkg	1.22.6ubuntu6.6	amd64
e2fsprogs	1.47.0-2.4~exp1ubuntu4.1	amd64
ffmpeg	7:6.1.1-3ubuntu5	amd64
findutils	4.9.0-5build1	amd64
fontconfig	2.15.0-1.1ubuntu2	amd64
fontconfig-config	2.15.0-1.1ubuntu2	amd64
fonts-dejavu-core	2.37-8	all
fonts-dejavu-mono	2.37-8	all
gcc-14-base:amd64	14.2.0-4ubuntu2~24.04.1	amd64
gpgv	2.4.4-2ubuntu17.4	amd64
grep	3.11-4build1	amd64
gtk-update-icon-cache	3.24.41-4ubuntu1.3	amd64
gzip	1.12-1ubuntu3.1	amd64
hicolor-icon-theme	0.17-2	all
hostname	3.23+nmu2ubuntu2	amd64
humanity-icon-theme	0.6.16	all
init-system-helpers	1.66ubuntu1	all
libacl1:amd64	2.3.2-1build1.1	amd64
libaom3:amd64	3.8.2-2ubuntu0.1	amd64
libapparmor1:amd64	4.0.1really4.0.1-0ubuntu0.24.04.7	amd64
libapt-pkg6.0t64:amd64	2.8.3	amd64
libargon2-1:amd64	0~20190702+dfsg-4build1	amd64
libasound2-data	1.2.11-1ubuntu0.3	all
libasound2t64:amd64	1.2.11-1ubuntu0.3	amd64
libass9:amd64	1:0.17.1-2build1	amd64
libassuan0:amd64	2.5.6-1build1	amd64
libasyncns0:amd64	0.8-6build4	amd64
libatk-bridge2.0-0t64:amd64	2.52.0-1build1	amd64
libatk1.0-0t64:amd64	2.52.0-1build1	amd64
libatspi2.0-0t64:amd64	2.52.0-1build1	amd64
libattr1:amd64	1:2.5.2-1build1.1	amd64
libaudit-common	1:3.1.2-2.1build1.1	all
libaudit1:amd64	1:3.1.2-2.1build1.1	amd64
libavahi-client3:amd64	0.8-13ubuntu6.2	amd64
libavahi-common-data:amd64	0.8-13ubuntu6.2	amd64
libavahi-common3:amd64	0.8-13ubuntu6.2	amd64
libavc1394-0:amd64	0.5.4-5build3	amd64
libavcodec60:amd64	7:6.1.1-3ubuntu5	amd64
libavdevice60:amd64	7:6.1.1-3ubuntu5	amd64
libavfilter9:amd64	7:6.1.1-3ubuntu5	amd64
libavformat60:amd64	7:6.1.1-3ubuntu5	amd64
libavutil58:amd64	7:6.1.1-3ubuntu5	amd64
libblas3:amd64	3.12.0-3build1.1	amd64
libblkid1:amd64	2.39.3-9ubuntu6.6	amd64
libbluray2:amd64	1:1.3.4-1build1	amd64
libbrotli1:amd64	1.1.0-2build2	amd64
libbs2b0:amd64	3.1.0+dfsg-7build1	amd64
libbsd0:amd64	0.12.1-1build1.1	amd64
libbz2-1.0:amd64	1.0.8-5.1build0.1	amd64
libc-bin	2.39-0ubuntu8.7	amd64
libc6:amd64	2.39-0ubuntu8.7	amd64
libcaca0:amd64	0.99.beta20-4ubuntu0.2	amd64
libcairo-gobject2:amd64	1.18.0-3build1	amd64
libcairo2:amd64	1.18.0-3build1	amd64
libcap-ng0:amd64	0.8.4-2build2	amd64
libcap2:amd64	1:2.66-5ubuntu2.4	amd64
libcdio-cdda2t64:amd64	10.2+2.0.1-1.1build2	amd64
libcdio-paranoia2t64:amd64	10.2+2.0.1-1.1build2	amd64
libcdio19t64:amd64	2.1.0-4.1ubuntu1.2	amd64
libchromaprint1:amd64	1.5.1-5	amd64
libcjson1:amd64	1.7.17-1	amd64
libcodec2-1.2:amd64	1.2.0-2build1	amd64
libcolord2:amd64	1.4.7-1build2	amd64
libcom-err2:amd64	1.47.0-2.4~exp1ubuntu4.1	amd64
libcrypt1:amd64	1:4.4.36-4build1	amd64
libcryptsetup12:amd64	2:2.7.0-1ubuntu4.2	amd64
libcups2t64:amd64	2.4.7-1.2ubuntu7.14	amd64
libdatrie1:amd64	0.2.13-3build1	amd64
libdav1d7:amd64	1.4.1-1build1	amd64
libdb5.3t64:amd64	5.3.28+dfsg2-7	amd64
libdbus-1-3:amd64	1.14.10-4ubuntu4.1	amd64
libdc1394-25:amd64	2.2.6-4build1	amd64
libdconf1:amd64	0.40.0-4ubuntu0.1	amd64
libdebconfclient0:amd64	0.271ubuntu3	amd64
libdecor-0-0:amd64	0.2.2-1build2	amd64
libdeflate0:amd64	1.19-1build1.1	amd64
libdevmapper1.02.1:amd64	2:1.02.185-3ubuntu3.2	amd64
libdrm-amdgpu1:amd64	2.4.125-1ubuntu0.1~24.04.2	amd64
libdrm-common	2.4.125-1ubuntu0.1~24.04.2	all
libdrm-intel1:amd64	2.4.125-1ubuntu0.1~24.04.2	amd64
libdrm2:amd64	2.4.125-1ubuntu0.1~24.04.2	amd64
libedit2:amd64	3.1-20230828-1build1	amd64
libegl-mesa0:amd64	25.2.8-0ubuntu0.24.04.2	amd64
libegl1:amd64	1.7.0-1build1	amd64
libelf1t64:amd64	0.190-1.1ubuntu0.1	amd64
libepoxy0:amd64	1.5.10-1build1	amd64
libexpat1:amd64	2.6.1-2ubuntu0.4	amd64
libext2fs2t64:amd64	1.47.0-2.4~exp1ubuntu4.1	amd64
libfdisk1:amd64	2.39.3-9ubuntu6.6	amd64
libffi8:amd64	3.4.6-1build1	amd64
libfftw3-double3:amd64	3.3.10-1ubuntu3	amd64
libflac12t64:amd64	1.4.3+ds-2.1ubuntu2	amd64
libflite1:amd64	2.2-6build3	amd64
libfontconfig1:amd64	2.15.0-1.1ubuntu2	amd64
libfontenc1:amd64	1:1.1.8-1build1	amd64
libfreeimage3:amd64	3.18.0+ds2-10build4	amd64
libfreetype6:amd64	2.13.2+dfsg-1ubuntu0.1	amd64
libfribidi0:amd64	1.0.13-3build1	amd64
libgbm1:amd64	25.2.8-0ubuntu0.24.04.2	amd64
libgcc-s1:amd64	14.2.0-4ubuntu2~24.04.1	amd64
libgcrypt20:amd64	1.10.3-2ubuntu0.1	amd64
libgdk-pixbuf-2.0-0:amd64	2.42.10+dfsg-3ubuntu3.3	amd64
libgdk-pixbuf2.0-common	2.42.10+dfsg-3ubuntu3.3	all
libgfortran5:amd64	14.2.0-4ubuntu2~24.04.1	amd64
libgl1-mesa-dri:amd64	25.2.8-0ubuntu0.24.04.2	amd64
libgl1:amd64	1.7.0-1build1	amd64
libgles2:amd64	1.7.0-1build1	amd64
libglib2.0-0t64:amd64	2.80.0-6ubuntu3.8	amd64
libglu1-mesa:amd64	9.0.2-1.1build1	amd64
libglvnd0:amd64	1.7.0-1build1	amd64
libglx-mesa0:amd64	25.2.8-0ubuntu0.24.04.2	amd64
libglx0:amd64	1.7.0-1build1	amd64
libgme0:amd64	0.6.3-7build1	amd64
libgmp10:amd64	2:6.3.0+dfsg-2ubuntu6.1	amd64
libgnutls30t64:amd64	3.8.3-1.1ubuntu3.6	amd64
libgomp1:amd64	14.2.0-4ubuntu2~24.04.1	amd64
libgpg-error0:amd64	1.47-3build2.1	amd64
libgraphite2-3:amd64	1.3.14-2ubuntu0.24.04.1	amd64
libgsm1:amd64	1.0.22-1build1	amd64
libgssapi-krb5-2:amd64	1.20.1-6ubuntu2.8	amd64
libgtk-3-0t64:amd64	3.24.41-4ubuntu1.3	amd64
libgtk-3-common	3.24.41-4ubuntu1.3	all
libharfbuzz0b:amd64	8.3.0-2build2	amd64
libhogweed6t64:amd64	3.9.1-2.2build1.1	amd64
libhwy1t64:amd64	1.0.7-8.1build1	amd64
libice6:amd64	2:1.0.10-1build3	amd64
libicu74:amd64	74.2-1ubuntu3.1	amd64
libidn2-0:amd64	2.3.7-2build1.1	amd64
libiec61883-0:amd64	1.2.0-6build1	amd64
libimath-3-1-29t64:amd64	3.1.9-3.1ubuntu2	amd64
libjack-jackd2-0:amd64	1.9.21~dfsg-3ubuntu3	amd64
libjbig0:amd64	2.1-6.1ubuntu2	amd64
libjpeg-turbo8:amd64	2.1.5-2ubuntu2	amd64
libjpeg8:amd64	8c-2ubuntu11	amd64
libjson-c5:amd64	0.17-1build1	amd64
libjxl0.7:amd64	0.7.0-10.2ubuntu6.1	amd64
libjxr0t64:amd64	1.2~git20170615.f752187-5.1ubuntu2	amd64
libk5crypto3:amd64	1.20.1-6ubuntu2.8	amd64
libkeyutils1:amd64	1.6.3-3build1	amd64
libkmod2:amd64	31+20240202-2ubuntu7.2	amd64
libkrb5-3:amd64	1.20.1-6ubuntu2.8	amd64
libkrb5support0:amd64	1.20.1-6ubuntu2.8	amd64
liblapack3:amd64	3.12.0-3build1.1	amd64
liblcms2-2:amd64	2.14-2ubuntu0.1	amd64
liblerc4:amd64	4.0.0+ds-4ubuntu2	amd64
liblilv-0-0:amd64	0.24.22-1build1	amd64
libllvm20:amd64	1:20.1.2-0ubuntu1~24.04.3	amd64
liblz4-1:amd64	1.9.4-1build1.1	amd64
liblzma5:amd64	5.6.1+really5.4.5-1ubuntu0.3	amd64
libmbedcrypto7t64:amd64	2.28.8-1	amd64
libmd0:amd64	1.1.0-2build1.1	amd64
libmount1:amd64	2.39.3-9ubuntu6.6	amd64
libmp3lame0:amd64	3.100-6build1	amd64
libmpg123-0t64:amd64	1.32.5-1ubuntu1.1	amd64
libmysofa1:amd64	1.3.2+dfsg-2ubuntu2	amd64
libncursesw6:amd64	6.4+20240113-1ubuntu2	amd64
libnettle8t64:amd64	3.9.1-2.2build1.1	amd64
libnorm1t64:amd64	1.5.9+dfsg-3.1build1	amd64
libnpth0t64:amd64	1.6-3.1build1	amd64
libnspr4:amd64	2:4.35-1.1build1	amd64
libnss3:amd64	2:3.98-1ubuntu0.2	amd64
libnuma1:amd64	2.0.18-1ubuntu0.24.04.1	amd64
libogg0:amd64	1.3.5-3build1	amd64
libopenal-data	1:1.23.1-4build1	all
libopenal1:amd64	1:1.23.1-4build1	amd64
libopenexr-3-1-30:amd64	3.1.5-5.1build3	amd64
libopengl0:amd64	1.7.0-1build1	amd64
libopenjp2-7:amd64	2.5.0-2ubuntu0.5	amd64
libopenmpt0t64:amd64	0.7.3-1.1build3	amd64
libopus0:amd64	1.4-1build1	amd64
libp11-kit0:amd64	0.25.3-4ubuntu2.1	amd64
libpam-modules-bin	1.5.3-5ubuntu5.5	amd64
libpam-modules:amd64	1.5.3-5ubuntu5.5	amd64
libpam-runtime	1.5.3-5ubuntu5.5	all
libpam-systemd:amd64	255.4-1ubuntu8.17	amd64
libpam0g:amd64	1.5.3-5ubuntu5.5	amd64
libpango-1.0-0:amd64	1.52.1+ds-1build1	amd64
libpangocairo-1.0-0:amd64	1.52.1+ds-1build1	amd64
libpangoft2-1.0-0:amd64	1.52.1+ds-1build1	amd64
libpciaccess0:amd64	0.17-3ubuntu0.24.04.2	amd64
libpcre2-8-0:amd64	10.42-4ubuntu2.1	amd64
libpgm-5.3-0t64:amd64	5.3.128~dfsg-2.1build1	amd64
libpixman-1-0:amd64	0.42.2-1build1	amd64
libplacebo338:amd64	6.338.2-2build1	amd64
libpng16-16t64:amd64	1.6.43-5ubuntu0.6	amd64
libpocketsphinx3:amd64	0.8.0+real5prealpha+1-15ubuntu5	amd64
libpostproc57:amd64	7:6.1.1-3ubuntu5	amd64
libproc2-0:amd64	2:4.0.4-4ubuntu3.2	amd64
libpulse0:amd64	1:16.1+dfsg1-2ubuntu10.1	amd64
libpython3-stdlib:amd64	3.12.3-0ubuntu2.1	amd64
libpython3.12-minimal:amd64	3.12.3-1ubuntu0.16	amd64
libpython3.12-stdlib:amd64	3.12.3-1ubuntu0.16	amd64
librabbitmq4:amd64	0.11.0-1ubuntu0.1	amd64
librav1e0:amd64	0.7.1-2	amd64
libraw1394-11:amd64	2.1.2-2build3	amd64
libraw23t64:amd64	0.21.2-2.1ubuntu0.24.04.2	amd64
libreadline8t64:amd64	8.2-4build1	amd64
librist4:amd64	0.2.10+dfsg-2	amd64
librsvg2-2:amd64	2.58.0+dfsg-1build1	amd64
librubberband2:amd64	3.3.0+dfsg-2build1	amd64
libsamplerate0:amd64	0.2.2-4build1	amd64
libsdl2-2.0-0:amd64	2.30.0+dfsg-1ubuntu3.1	amd64
libseccomp2:amd64	2.5.5-1ubuntu3.1	amd64
libselinux1:amd64	3.5-2ubuntu2.1	amd64
libsemanage-common	3.5-1build5	all
libsemanage2:amd64	3.5-1build5	amd64
libsensors-config	1:3.6.0-9build1	all
libsensors5:amd64	1:3.6.0-9build1	amd64
libsepol2:amd64	3.5-2build1	amd64
libserd-0-0:amd64	0.32.2-1	amd64
libsharpyuv0:amd64	1.3.2-0.4build3	amd64
libshine3:amd64	3.1.1-2build1	amd64
libslang2:amd64	2.3.3-3build2	amd64
libsm6:amd64	2:1.2.3-1build3	amd64
libsmartcols1:amd64	2.39.3-9ubuntu6.6	amd64
libsnappy1v5:amd64	1.1.10-1build1	amd64
libsndfile1:amd64	1.2.2-1ubuntu5.24.04.1	amd64
libsndio7.0:amd64	1.9.0-0.3build3	amd64
libsodium23:amd64	1.0.18-1ubuntu0.24.04.1	amd64
libsord-0-0:amd64	0.16.16-2build1	amd64
libsoxr0:amd64	0.1.3-4build3	amd64
libspeex1:amd64	1.2.1-2ubuntu2.24.04.1	amd64
libsphinxbase3t64:amd64	0.8+5prealpha+1-17build2	amd64
libsqlite3-0:amd64	3.45.1-1ubuntu2.7	amd64
libsratom-0-0:amd64	0.6.16-1build1	amd64
libsrt1.5-gnutls:amd64	1.5.3-1build2	amd64
libss2:amd64	1.47.0-2.4~exp1ubuntu4.1	amd64
libssh-4:amd64	0.10.6-2ubuntu0.5	amd64
libssh-gcrypt-4:amd64	0.10.6-2ubuntu0.5	amd64
libssl3t64:amd64	3.0.13-0ubuntu3.15	amd64
libstdc++6:amd64	14.2.0-4ubuntu2~24.04.1	amd64
libsvtav1enc1d1:amd64	1.7.0+dfsg-2build1	amd64
libswresample4:amd64	7:6.1.1-3ubuntu5	amd64
libswscale7:amd64	7:6.1.1-3ubuntu5	amd64
libsystemd-shared:amd64	255.4-1ubuntu8.17	amd64
libsystemd0:amd64	255.4-1ubuntu8.17	amd64
libtasn1-6:amd64	4.19.0-3ubuntu0.24.04.2	amd64
libthai-data	0.1.29-2build1	all
libthai0:amd64	0.1.29-2build1	amd64
libtheora0:amd64	1.1.1+dfsg.1-16.1build3	amd64
libtiff6:amd64	4.5.1+git230720-4ubuntu2.5	amd64
libtinfo6:amd64	6.4+20240113-1ubuntu2	amd64
libtwolame0:amd64	0.4.0-2build3	amd64
libudev1:amd64	255.4-1ubuntu8.17	amd64
libudfread0:amd64	1.1.2-1build1	amd64
libunibreak5:amd64	5.1-2build1	amd64
libunistring5:amd64	1.1-2build1.1	amd64
libunwind8:amd64	1.6.2-3build1.1	amd64
libusb-1.0-0:amd64	2:1.0.27-1	amd64
libuuid1:amd64	2.39.3-9ubuntu6.6	amd64
libva-drm2:amd64	2.20.0-2ubuntu0.2	amd64
libva-x11-2:amd64	2.20.0-2ubuntu0.2	amd64
libva2:amd64	2.20.0-2ubuntu0.2	amd64
libvdpau1:amd64	1.5-2build1	amd64
libvidstab1.1:amd64	1.1.0-2build1	amd64
libvorbis0a:amd64	1.3.7-1build3	amd64
libvorbisenc2:amd64	1.3.7-1build3	amd64
libvorbisfile3:amd64	1.3.7-1build3	amd64
libvpl2	2023.3.0-1build1	amd64
libvpx9:amd64	1.14.0-1ubuntu2.3	amd64
libvulkan1:amd64	1.3.275.0-1build1	amd64
libwayland-client0:amd64	1.22.0-2.1build1	amd64
libwayland-cursor0:amd64	1.22.0-2.1build1	amd64
libwayland-egl1:amd64	1.22.0-2.1build1	amd64
libwebp7:amd64	1.3.2-0.4build3	amd64
libwebpmux3:amd64	1.3.2-0.4build3	amd64
libx11-6:amd64	2:1.8.7-1build1	amd64
libx11-data	2:1.8.7-1build1	all
libx11-xcb1:amd64	2:1.8.7-1build1	amd64
libx264-164:amd64	2:0.164.3108+git31e19f9-1	amd64
libx265-199:amd64	3.5-2build1	amd64
libxau6:amd64	1:1.0.9-1build6	amd64
libxaw7:amd64	2:1.0.14-1build2	amd64
libxcb-cursor0:amd64	0.1.4-1build1	amd64
libxcb-dri3-0:amd64	1.15-1ubuntu2	amd64
libxcb-glx0:amd64	1.15-1ubuntu2	amd64
libxcb-icccm4:amd64	0.4.1-1.1build3	amd64
libxcb-image0:amd64	0.4.0-2build1	amd64
libxcb-keysyms1:amd64	0.4.0-1build4	amd64
libxcb-present0:amd64	1.15-1ubuntu2	amd64
libxcb-randr0:amd64	1.15-1ubuntu2	amd64
libxcb-render-util0:amd64	0.3.9-1build4	amd64
libxcb-render0:amd64	1.15-1ubuntu2	amd64
libxcb-shape0:amd64	1.15-1ubuntu2	amd64
libxcb-shm0:amd64	1.15-1ubuntu2	amd64
libxcb-sync1:amd64	1.15-1ubuntu2	amd64
libxcb-util1:amd64	0.4.0-1build3	amd64
libxcb-xfixes0:amd64	1.15-1ubuntu2	amd64
libxcb-xinerama0:amd64	1.15-1ubuntu2	amd64
libxcb-xkb1:amd64	1.15-1ubuntu2	amd64
libxcb1:amd64	1.15-1ubuntu2	amd64
libxcomposite1:amd64	1:0.4.5-1build3	amd64
libxcursor1:amd64	1:1.2.1-1build1	amd64
libxdamage1:amd64	1:1.1.6-1build1	amd64
libxdmcp6:amd64	1:1.1.3-0ubuntu6	amd64
libxext6:amd64	2:1.3.4-1build2	amd64
libxfixes3:amd64	1:6.0.0-2build1	amd64
libxfont2:amd64	1:2.0.6-1+deb13u1build0.24.04.2	amd64
libxi6:amd64	2:1.8.1-1build1	amd64
libxinerama1:amd64	2:1.1.4-3build1	amd64
libxkbcommon-x11-0:amd64	1.6.0-1build1	amd64
libxkbcommon0:amd64	1.6.0-1build1	amd64
libxkbfile1:amd64	1:1.1.0-1build4	amd64
libxml2:amd64	2.9.14+dfsg-1.3ubuntu3.8	amd64
libxmu6:amd64	2:1.1.3-3build2	amd64
libxmuu1:amd64	2:1.1.3-3build2	amd64
libxpm4:amd64	1:3.5.17-1ubuntu0.24.04.1	amd64
libxrandr2:amd64	2:1.5.2-2build1	amd64
libxrender1:amd64	1:0.9.10-1.1build1	amd64
libxshmfence1:amd64	1.3-1build5	amd64
libxslt1.1:amd64	1.1.39-0exp1ubuntu0.24.04.3	amd64
libxss1:amd64	1:1.2.3-1build3	amd64
libxt6t64:amd64	1:1.2.1-1.2build1	amd64
libxtst6:amd64	2:1.2.3-1.1build1	amd64
libxv1:amd64	2:1.0.11-1.1build1	amd64
libxvidcore4:amd64	2:1.3.7-1build1	amd64
libxxf86vm1:amd64	1:1.1.4-1build4	amd64
libxxhash0:amd64	0.8.2-2build1	amd64
libzimg2:amd64	3.0.5+ds1-1build1	amd64
libzip4t64:amd64	1.7.3-1.1ubuntu2	amd64
libzix-0-0:amd64	0.4.2-2build1	amd64
libzmq5:amd64	4.3.5-1build2	amd64
libzstd1:amd64	1.5.5+dfsg2-2build1.1	amd64
libzvbi-common	0.2.42-2	all
libzvbi0t64:amd64	0.2.42-2	amd64
login	1:4.13+dfsg1-4ubuntu3.2	amd64
logsave	1.47.0-2.4~exp1ubuntu4.1	amd64
lsb-release	12.0-2	all
mawk	1.3.4.20240123-1build1	amd64
media-types	10.1.0	all
mesa-libgallium:amd64	25.2.8-0ubuntu0.24.04.2	amd64
mesa-utils	9.0.0-2	amd64
mesa-utils-bin:amd64	9.0.0-2	amd64
mount	2.39.3-9ubuntu6.6	amd64
ncurses-base	6.4+20240113-1ubuntu2	all
ncurses-bin	6.4+20240113-1ubuntu2	amd64
netbase	6.4	all
ocl-icd-libopencl1:amd64	2.3.2-1build1	amd64
openssl	3.0.13-0ubuntu3.15	amd64
passwd	1:4.13+dfsg1-4ubuntu3.2	amd64
perl-base	5.38.2-3.2ubuntu0.2	amd64
procps	2:4.0.4-4ubuntu3.2	amd64
python3	3.12.3-0ubuntu2.1	amd64
python3-minimal	3.12.3-0ubuntu2.1	amd64
python3.12	3.12.3-1ubuntu0.16	amd64
python3.12-minimal	3.12.3-1ubuntu0.16	amd64
readline-common	8.2-4build1	all
sed	4.9-2ubuntu0.24.04.1	amd64
sensible-utils	0.0.22	all
shared-mime-info	2.4-4	amd64
systemd	255.4-1ubuntu8.17	amd64
systemd-dev	255.4-1ubuntu8.17	all
systemd-sysv	255.4-1ubuntu8.17	amd64
sysvinit-utils	3.08-6ubuntu3	amd64
tar	1.35+dfsg-3build1	amd64
tzdata	2026c-0ubuntu0.24.04.1	all
ubuntu-keyring	2023.11.28.1	all
ubuntu-mono	24.04-0ubuntu1	all
unminimize	0.2.1	amd64
util-linux	2.39.3-9ubuntu6.6	amd64
x11-common	1:7.7+23ubuntu3	all
x11-xkb-utils	7.7+8build2	amd64
xauth	1:1.1.2-1build1	amd64
xkb-data	2.41-2ubuntu1.1	all
xserver-common	2:21.1.12-1ubuntu1.6	all
xvfb	2:21.1.12-1ubuntu1.6	amd64
zlib1g:amd64	1:1.3.dfsg-3.1ubuntu2.1	amd64
